file	line	kind	name
src/app/(auth)/layout.tsx	1	function	AuthLayout
src/app/(auth)/login/page.tsx	8	function	LoginPage
src/app/(auth)/register/page.tsx	8	function	RegisterPage
src/app/(main)/catalog/catalog-client.tsx	37	function	CatalogClient
src/app/(main)/catalog/page.tsx	6	const	dynamic
src/app/(main)/catalog/page.tsx	8	function	CatalogPage
src/app/(main)/code-tour/code-tour-client.tsx	38	function	CodeTourClient
src/app/(main)/code-tour/page.tsx	3	function	CodeTourPage
src/app/(main)/flashcards/flashcards-client.tsx	13	function	FlashcardsClient
src/app/(main)/flashcards/page.tsx	4	const	dynamic
src/app/(main)/flashcards/page.tsx	6	function	FlashcardsPage
src/app/(main)/g-kentei/cheatsheet/page.tsx	6	function	GKenteiCheatsheetPage
src/app/(main)/layout.tsx	9	function	MainLayout
src/app/(main)/learning-app.tsx	69	function	LearningApp
src/app/(main)/log/build-days.ts	4	interface	AnswerEvent
src/app/(main)/log/build-days.ts	13	interface	DayEntry
src/app/(main)/log/build-days.ts	24	const	WEEKDAYS
src/app/(main)/log/build-days.ts	30	function	toDateKey
src/app/(main)/log/build-days.ts	41	function	shiftKey
src/app/(main)/log/build-days.ts	47	function	buildDays
src/app/(main)/log/build-days.ts	103	function	calcStreak
src/app/(main)/log/log-client.tsx	107	function	LogClient
src/app/(main)/log/page.tsx	6	const	dynamic
src/app/(main)/log/page.tsx	15	function	LogPage
src/app/(main)/mindset/mindset-client.tsx	22	function	MindsetClient
src/app/(main)/mindset/page.tsx	3	function	MindsetPage
src/app/(main)/overview-dashboard.tsx	27	function	OverviewDashboard
src/app/(main)/page.tsx	16	const	dynamic
src/app/(main)/page.tsx	81	function	HomePage
src/app/(main)/roadmap/page.tsx	12	const	dynamic
src/app/(main)/roadmap/page.tsx	14	function	RoadmapPage
src/app/(main)/roadmap/roadmap-client.tsx	55	function	RoadmapClient
src/app/api/fsrs/backfill/route.ts	5	const	dynamic
src/app/api/fsrs/backfill/route.ts	11	function	POST
src/app/api/questions/route.ts	6	function	POST
src/app/layout.tsx	4	const	metadata
src/app/layout.tsx	10	const	viewport
src/app/layout.tsx	16	function	RootLayout
src/features/code-tour/components/diagrams.tsx	55	function	DiagramHierarchy
src/features/code-tour/components/diagrams.tsx	82	function	DiagramFolders
src/features/code-tour/components/diagrams.tsx	153	function	DiagramServerClient
src/features/code-tour/components/diagrams.tsx	211	function	DiagramDataFlow
src/features/code-tour/components/diagrams.tsx	245	function	DiagramFeatureAnatomy
src/features/code-tour/components/diagrams.tsx	278	function	DiagramSupabaseClients
src/features/code-tour/components/diagrams.tsx	323	function	DiagramTestAsSpec
src/features/code-tour/components/diagrams.tsx	356	function	DiagramUnknownCodeFlow
src/features/code-tour/lib/code-tour.ts	5	type	CtSection
src/features/code-tour/lib/code-tour.ts	7	const	SECTION_META
src/features/code-tour/lib/code-tour.ts	14	interface	CtExercise
src/features/code-tour/lib/code-tour.ts	24	const	CODE_TOUR_EXERCISES
src/features/code-tour/lib/code-tour.ts	72	interface	CtTopic
src/features/code-tour/lib/code-tour.ts	84	const	CODE_TOUR_DATA
src/features/flashcards/components/filter-chip.tsx	1	function	FilterChip
src/features/flashcards/hooks/use-deck-filter.ts	7	type	Scope
src/features/flashcards/hooks/use-deck-filter.ts	14	function	useDeckFilter
src/features/flashcards/hooks/use-flashcard-session.ts	16	type	Phase
src/features/flashcards/hooks/use-flashcard-session.ts	95	function	useFlashcardSession
src/features/flashcards/hooks/use-term-progress.ts	10	type	TermRow
src/features/flashcards/hooks/use-term-progress.ts	17	type	TermStat
src/features/flashcards/hooks/use-term-progress.ts	18	type	DeckProgress
src/features/flashcards/hooks/use-term-progress.ts	19	type	Store
src/features/flashcards/hooks/use-term-progress.ts	20	type	Status
src/features/flashcards/hooks/use-term-progress.ts	28	function	useTermProgress
src/features/flashcards/lib/constants.ts	1	const	MASTERED
src/features/flashcards/lib/constants.ts	2	const	WEAK
src/features/flashcards/lib/constants.ts	4	const	wrap
src/features/flashcards/lib/constants.ts	5	const	container
src/features/flashcards/lib/constants.ts	6	const	lbl
src/features/flashcards/lib/flashcards.ts	7	interface	FlashCard
src/features/flashcards/lib/flashcards.ts	17	interface	FlashDeck
src/features/flashcards/lib/flashcards.ts	24	const	FLASHCARD_CATEGORY_ORDER
src/features/flashcards/lib/flashcards.ts	27	const	FLASHCARD_CATEGORY_COLOR
src/features/flashcards/lib/flashcards.ts	38	function	categoryColor
src/features/flashcards/lib/flashcards.ts	346	const	FLASHCARD_DECKS
src/features/flashcards/lib/flashcards.ts	352	function	deckByKey
src/features/flashcards/screens/done-screen.tsx	10	function	DoneScreen
src/features/flashcards/screens/session-screen.tsx	11	function	SessionScreen
src/features/flashcards/screens/setup-screen.tsx	16	function	SetupScreen
src/features/g-kentei-cheatsheet/lib/types.ts	1	interface	TermExample
src/features/g-kentei-cheatsheet/lib/types.ts	7	interface	TermEntry
src/features/g-kentei-cheatsheet/lib/types.ts	18	interface	ComparisonGroup
src/features/g-kentei-cheatsheet/screens/cheatsheet-screen.tsx	172	function	CheatsheetScreen
src/features/mindset/lib/mindset.ts	7	type	MCategory
src/features/mindset/lib/mindset.ts	9	interface	MPrinciple
src/features/mindset/lib/mindset.ts	21	const	CATEGORY_META
src/features/mindset/lib/mindset.ts	31	const	MINDSET_DATA
src/features/quiz/components/dashboard-parts.tsx	6	interface	WeeklyBar
src/features/quiz/components/dashboard-parts.tsx	12	function	Ico
src/features/quiz/components/dashboard-parts.tsx	29	function	StatCard
src/features/quiz/components/dashboard-parts.tsx	65	interface	Totals
src/features/quiz/components/dashboard-parts.tsx	73	function	StatGrid
src/features/quiz/components/dashboard-parts.tsx	152	function	ActivityCard
src/features/quiz/components/dashboard-parts.tsx	220	function	ProgressTable
src/features/quiz/components/rich-explanation.tsx	66	function	RichExplanation
src/features/quiz/components/theme-practice.tsx	23	function	ThemePractice
src/features/quiz/components/trend-card.tsx	5	interface	TrendDay
src/features/quiz/components/trend-card.tsx	120	function	TrendCard
src/features/quiz/hooks/use-csv-export.ts	17	function	useCsvExport
src/features/quiz/hooks/use-exam-goal.ts	15	function	useExamGoal
src/features/quiz/hooks/use-fsrs-backfill.ts	7	function	useFsrsBackfill
src/features/quiz/hooks/use-menu-settings.ts	22	function	useMenuSettings
src/features/quiz/hooks/use-now.ts	7	function	useNow
src/features/quiz/hooks/use-progress.ts	17	function	useProgress
src/features/quiz/hooks/use-progress.ts	100	type	PersistFn
src/features/quiz/hooks/use-progress.ts	101	type	RecordAnswerFn
src/features/quiz/hooks/use-quiz-session.ts	11	type	SessionResult
src/features/quiz/hooks/use-quiz-session.ts	87	function	sessionReducer
src/features/quiz/hooks/use-quiz-session.ts	156	function	useQuizSession
src/features/quiz/hooks/use-readiness.ts	35	function	useReadiness
src/features/quiz/hooks/use-screen.ts	5	type	Screen
src/features/quiz/hooks/use-screen.ts	18	function	useScreen
src/features/quiz/hooks/use-supabase-client.ts	9	function	useSupabaseClient
src/features/quiz/hooks/use-textbooks.ts	15	function	useTextbooks
src/features/quiz/lib/constants.ts	5	const	WEAK_SESSION_MAX
src/features/quiz/lib/constants.ts	7	const	VERDICT_META
src/features/quiz/lib/constants.ts	15	const	CONFIDENCE_LABELS
src/features/quiz/lib/constants.ts	19	const	CONFIDENCE_COLORS
src/features/quiz/lib/constants.ts	24	const	COMPREHENSION_LEVELS
src/features/quiz/lib/csv.ts	6	type	ExportMode
src/features/quiz/lib/csv.ts	21	function	buildCSV
src/features/quiz/lib/csv.ts	62	function	downloadCSV
src/features/quiz/lib/format.ts	2	function	fmtLastStudied
src/features/quiz/lib/format.ts	16	function	accuracyColor
src/features/quiz/lib/format.ts	24	function	statusOf
src/features/quiz/lib/fsrs.ts	11	type	Grade
src/features/quiz/lib/fsrs.ts	13	interface	Card
src/features/quiz/lib/fsrs.ts	23	interface	FsrsParams
src/features/quiz/lib/fsrs.ts	30	const	DEFAULT_WEIGHTS
src/features/quiz/lib/fsrs.ts	35	const	DEFAULT_PARAMS
src/features/quiz/lib/fsrs.ts	49	function	retrievability
src/features/quiz/lib/fsrs.ts	55	function	intervalFromStability
src/features/quiz/lib/fsrs.ts	97	function	gradeFromAnswer
src/features/quiz/lib/fsrs.ts	104	function	newCard
src/features/quiz/lib/fsrs.ts	117	function	review
src/features/quiz/lib/fsrs.ts	157	function	isDue
src/features/quiz/lib/fsrs.ts	163	function	currentRetrievability
src/features/quiz/lib/grading.ts	5	function	arraysEqual
src/features/quiz/lib/grading.ts	10	function	cardFromProgress
src/features/quiz/lib/grading.ts	23	function	fsrsFields
src/features/quiz/lib/readiness.ts	13	const	EXAM_PASS_LINE
src/features/quiz/lib/readiness.ts	22	function	passLineFor
src/features/quiz/lib/readiness.ts	28	function	capacityFromDailyCounts
src/features/quiz/lib/readiness.ts	36	function	retentionEstimate
src/features/quiz/lib/readiness.ts	58	function	itemCorrectProb
src/features/quiz/lib/readiness.ts	66	function	poissonBinomialPMF
src/features/quiz/lib/readiness.ts	81	function	passProbability
src/features/quiz/lib/readiness.ts	93	function	demonstratedSkill
src/features/quiz/lib/readiness.ts	107	function	examItemProb
src/features/quiz/lib/readiness.ts	129	interface	ExamItem
src/features/quiz/lib/readiness.ts	139	function	estimatePassProbability
src/features/quiz/lib/readiness.ts	165	type	Verdict
src/features/quiz/lib/readiness.ts	167	interface	Readiness
src/features/quiz/lib/readiness.ts	181	interface	ReadinessInput
src/features/quiz/lib/readiness.ts	191	function	computeReadiness
src/features/quiz/lib/selection.ts	10	type	ProgressMap
src/features/quiz/lib/selection.ts	12	function	getProgress
src/features/quiz/lib/selection.ts	17	function	totalWrong
src/features/quiz/lib/selection.ts	21	function	totalCorrect
src/features/quiz/lib/selection.ts	29	function	isResting
src/features/quiz/lib/selection.ts	51	function	isEligible
src/features/quiz/lib/selection.ts	55	function	shuffle
src/features/quiz/lib/selection.ts	72	function	referencesOptionPositions
src/features/quiz/lib/selection.ts	83	function	shuffleOptions
src/features/quiz/lib/selection.ts	118	function	eligibleQuestions
src/features/quiz/lib/selection.ts	132	interface	BuildDeckArgs
src/features/quiz/lib/selection.ts	144	function	buildDeck
src/features/quiz/lib/server-data.ts	15	function	fetchAllRows
src/features/quiz/lib/server-data.ts	35	interface	SubjectStatsRow
src/features/quiz/lib/server-data.ts	48	function	fetchSubjectStats
src/features/quiz/lib/server-data.ts	125	function	toSubjectStats
src/features/quiz/lib/server-data.ts	146	interface	DayCount
src/features/quiz/lib/server-data.ts	158	function	fetchDailyCounts
src/features/quiz/lib/server-data.ts	200	function	jstDayKey
src/features/quiz/lib/server-data.ts	205	function	fetchFamilyProgress
src/features/quiz/lib/server-data.ts	265	interface	TrendDay
src/features/quiz/lib/server-data.ts	279	function	fetchDailyBreakdown
src/features/quiz/lib/stats.ts	7	interface	UserGoal
src/features/quiz/lib/stats.ts	13	interface	Textbook
src/features/quiz/lib/stats.ts	23	function	masteryFromProgress
src/features/quiz/lib/stats.ts	35	function	questionMastery
src/features/quiz/lib/stats.ts	45	function	weakReviewPool
src/features/quiz/lib/stats.ts	69	interface	MasteryStats
src/features/quiz/lib/stats.ts	80	function	calcMasteryStats
src/features/quiz/lib/stats.ts	131	interface	DailyRec
src/features/quiz/lib/stats.ts	139	function	calcDailyRec
src/features/quiz/lib/stats.ts	171	interface	CategoryMastery
src/features/quiz/lib/stats.ts	181	function	calcCategoryMastery
src/features/quiz/lib/stats.ts	238	function	isSpeakFirstSubject
src/features/quiz/lib/stats.ts	246	function	examGroupKey
src/features/quiz/lib/stats.ts	251	function	examDisplayName
src/features/quiz/lib/stats.ts	261	interface	SectionCatalogItem
src/features/quiz/lib/stats.ts	268	interface	SectionMastery
src/features/quiz/lib/stats.ts	278	function	calcSectionMastery
src/features/quiz/lib/stats.ts	327	interface	QuestionSubjectRef
src/features/quiz/lib/stats.ts	332	interface	SubjectStat
src/features/quiz/lib/stats.ts	344	interface	ExamGroup
src/features/quiz/lib/stats.ts	357	function	buildSubjectStats
src/features/quiz/lib/stats.ts	407	function	groupSubjectsByExam
src/features/quiz/lib/stats.ts	453	interface	SectionQuestionRef
src/features/quiz/lib/stats.ts	461	interface	SetBreakdown
src/features/quiz/lib/stats.ts	468	interface	SectionAnalysis
src/features/quiz/lib/stats.ts	479	function	analyzeSections
src/features/quiz/lib/stats.ts	538	interface	SectionOverview
src/features/quiz/lib/stats.ts	548	function	sectionOverview
src/features/quiz/lib/streak.ts	1	function	countStreak
src/features/quiz/lib/types.ts	2	const	FLAGS
src/features/quiz/lib/types.ts	3	const	FLAG_COLORS
src/features/quiz/lib/types.ts	5	const	WEEK_MS
src/features/quiz/lib/types.ts	6	const	TWO_WEEKS_MS
src/features/quiz/lib/types.ts	8	type	QuizMode
src/features/quiz/lib/types.ts	11	interface	ExplanationData
src/features/quiz/lib/types.ts	34	interface	QuizQuestion
src/features/quiz/lib/types.ts	55	interface	Progress
src/features/quiz/lib/types.ts	80	function	emptyProgress
src/features/quiz/screens/analysis-screen.tsx	45	function	AnalysisScreen
src/features/quiz/screens/done-screen.tsx	16	function	DoneScreen
src/features/quiz/screens/export-screen.tsx	15	function	ExportScreen
src/features/quiz/screens/goal-screen.tsx	14	function	GoalScreen
src/features/quiz/screens/menu-screen.tsx	65	function	MenuScreen
src/features/quiz/screens/quiz-screen.tsx	20	function	QuizScreen
src/features/roadmap/lib/roadmap.ts	5	type	RStatus
src/features/roadmap/lib/roadmap.ts	6	type	RItemKind
src/features/roadmap/lib/roadmap.ts	8	interface	RItem
src/features/roadmap/lib/roadmap.ts	17	interface	RPhase
src/features/roadmap/lib/roadmap.ts	27	interface	RoadmapDoc
src/features/roadmap/lib/roadmap.ts	33	const	DEFAULT_ROADMAP
src/features/roadmap/lib/roadmap.ts	70	function	cloneDoc
src/features/roadmap/lib/roadmap.ts	75	function	defaultDocWithLegacyDone
src/features/roadmap/lib/roadmap.ts	86	function	isRoadmapDoc
src/features/roadmap/lib/roadmap.ts	93	function	newId
src/proxy.ts	4	function	proxy
src/proxy.ts	8	const	config
src/shared/components/app-shell.tsx	32	function	usePageHeader
src/shared/components/app-shell.tsx	41	function	useCurrentSubject
src/shared/components/app-shell.tsx	50	interface	ShellExam
src/shared/components/app-shell.tsx	157	function	AppShell
src/shared/lib/supabase/client.ts	4	function	createClient
src/shared/lib/supabase/middleware.ts	5	function	updateSession
src/shared/lib/supabase/server.ts	6	function	createServerSupabaseClient
src/shared/lib/supabase/server.ts	33	const	getServerSupabase
src/shared/lib/supabase/server.ts	46	const	getSessionUser
src/shared/lib/utils.ts	4	function	cn
src/types/database.ts	1	type	Json
src/types/database.ts	9	interface	Database
src/types/database.ts	376	type	Tables
src/types/database.ts	378	type	InsertTables
src/types/database.ts	380	type	UpdateTables
